,IP,cantidad,probabilidad,informacion
0,10.100.96.1,287.0,0.5,1.0
1,10.100.107.97,278.0,0.4843205574912892,1.0459658539521803
2,10.100.105.42,9.0,0.0156794425087108,5.994981925233375
