,tipo_destino,protocolo,cantidad,probabilidad,informacion
0,UNICAST,2048,10827.0,0.86616,0.20729454581842283
1,BROADCAST,2048,1433.0,0.11464,3.124817580174666
2,UNICAST,34525,226.0,0.01808,5.789461512021624
3,UNICAST,2054,14.0,0.00112,9.802285552379209
