,tipo_destino,protocolo,cantidad,probabilidad,informacion
0,UNICAST,2048,9634.0,0.77072,0.37572126584983445
1,UNICAST,34525,2118.0,0.16944,2.5611536004444755
2,BROADCAST,2054,532.0,0.04256,4.554358038935622
3,BROADCAST,2048,214.0,0.01712,5.868173488035665
4,UNICAST,2054,2.0,0.00016,12.609640474436812
