,IP,cantidad,probabilidad,informacion
0,10.100.96.1,49.0,0.49,1.0291463456595165
1,10.100.105.42,37.0,0.37,1.434402824145775
2,10.100.107.97,14.0,0.14,2.8365012677171206
